md:M00001	cpd:C00267
md:M00001	cpd:C00668
md:M00001	cpd:C05345
md:M00001	cpd:C05378
md:M00001	cpd:C00111
md:M00001	cpd:C00118
md:M00001	cpd:C00236
md:M00001	cpd:C00197
md:M00001	cpd:C00631
md:M00001	cpd:C00074
md:M00001	cpd:C00022
md:M00002	cpd:C00111
md:M00002	cpd:C00118
md:M00002	cpd:C00236
md:M00002	cpd:C00197
md:M00002	cpd:C00631
md:M00002	cpd:C00074
md:M00002	cpd:C00022
md:M00003	cpd:C00036
md:M00003	cpd:C00074
md:M00003	cpd:C00631
md:M00003	cpd:C00197
md:M00003	cpd:C00236
md:M00003	cpd:C00118
md:M00003	cpd:C00111
md:M00003	cpd:C05378
md:M00003	cpd:C05345
md:M00004	cpd:C01172
md:M00004	cpd:C01236
md:M00004	cpd:C00345
md:M00004	cpd:C00199
md:M00004	cpd:C00231
md:M00004	cpd:C00117
md:M00004	cpd:C05382
md:M00004	cpd:C00118
md:M00004	cpd:C00279
md:M00004	cpd:C05345
md:M00004	cpd:C00668
md:M00005	cpd:C00117
md:M00005	cpd:C00119
md:M00006	cpd:C01172
md:M00006	cpd:C01236
md:M00006	cpd:C00345
md:M00006	cpd:C00199
md:M00007	cpd:C05345
md:M00007	cpd:C00118
md:M00007	cpd:C00279
md:M00007	cpd:C00231
md:M00007	cpd:C05382
md:M00007	cpd:C00117
md:M00007	cpd:C00199
md:M00008	cpd:C01172
md:M00008	cpd:C01236
md:M00008	cpd:C00345
md:M00008	cpd:C04442
md:M00008	cpd:C00118
md:M00008	cpd:C00022
md:M00009	cpd:C00024
md:M00009	cpd:C00036
md:M00009	cpd:C00158
md:M00009	cpd:C00311
md:M00009	cpd:C00026
md:M00009	cpd:C15972
md:M00009	cpd:C16254
md:M00009	cpd:C00091
md:M00009	cpd:C15973
md:M00009	cpd:C00042
md:M00009	cpd:C00122
md:M00009	cpd:C00149
md:M00010	cpd:C00036
md:M00010	cpd:C00024
md:M00010	cpd:C00158
md:M00010	cpd:C00311
md:M00010	cpd:C00026
md:M00011	cpd:C00026
md:M00011	cpd:C15972
md:M00011	cpd:C16254
md:M00011	cpd:C00091
md:M00011	cpd:C15973
md:M00011	cpd:C00042
md:M00011	cpd:C00122
md:M00011	cpd:C00149
md:M00011	cpd:C00036
md:M00012	cpd:C00024
md:M00012	cpd:C00036
md:M00012	cpd:C00158
md:M00012	cpd:C00417
md:M00012	cpd:C00311
md:M00012	cpd:C00048
md:M00012	cpd:C00149
md:M00013	cpd:C00100
md:M00013	cpd:C00894
md:M00013	cpd:C05668
md:M00013	cpd:C01013
md:M00013	cpd:C00222
md:M00013	cpd:C00024
md:M00014	cpd:C00029
md:M00014	cpd:C00167
md:M00014	cpd:C05385
md:M00014	cpd:C00191
md:M00014	cpd:C03033
md:M00014	cpd:C00800
md:M00014	cpd:C00618
md:M00014	cpd:C00312
md:M00014	cpd:C00379
md:M00014	cpd:C00310
md:M00014	cpd:C00231
md:M00015	cpd:C00025
md:M00015	cpd:C03287
md:M00015	cpd:C01165
md:M00015	cpd:C03912
md:M00015	cpd:C00148
md:M00016	cpd:C00049
md:M00016	cpd:C03082
md:M00016	cpd:C00441
md:M00016	cpd:C20258
md:M00016	cpd:C03972
md:M00016	cpd:C04462
md:M00016	cpd:C04421
md:M00016	cpd:C00666
md:M00016	cpd:C00680
md:M00016	cpd:C00047
md:M00017	cpd:C00049
md:M00017	cpd:C03082
md:M00017	cpd:C00441
md:M00017	cpd:C00263
md:M00017	cpd:C01118
md:M00017	cpd:C02291
md:M00017	cpd:C00155
md:M00017	cpd:C00073
md:M00018	cpd:C00049
md:M00018	cpd:C03082
md:M00018	cpd:C00441
md:M00018	cpd:C00263
md:M00018	cpd:C01102
md:M00018	cpd:C00188
md:M00019	cpd:C00022
md:M00019	cpd:C06010
md:M00019	cpd:C04181
md:M00019	cpd:C04272
md:M00019	cpd:C00141
md:M00019	cpd:C00183
md:M00019	cpd:C00109
md:M00019	cpd:C06006
md:M00019	cpd:C14463
md:M00019	cpd:C06007
md:M00019	cpd:C00671
md:M00019	cpd:C00407
md:M00020	cpd:C00197
md:M00020	cpd:C03232
md:M00020	cpd:C01005
md:M00020	cpd:C00065
md:M00021	cpd:C00065
md:M00021	cpd:C00979
md:M00021	cpd:C00097
md:M00022	cpd:C00074
md:M00022	cpd:C00279
md:M00022	cpd:C04691
md:M00022	cpd:C00944
md:M00022	cpd:C02637
md:M00022	cpd:C00493
md:M00022	cpd:C03175
md:M00022	cpd:C01269
md:M00022	cpd:C00251
md:M00023	cpd:C00251
md:M00023	cpd:C00108
md:M00023	cpd:C04302
md:M00023	cpd:C01302
md:M00023	cpd:C03506
md:M00023	cpd:C00078
md:M00024	cpd:C00251
md:M00024	cpd:C00254
md:M00024	cpd:C00166
md:M00024	cpd:C00079
md:M00025	cpd:C00251
md:M00025	cpd:C00254
md:M00025	cpd:C01179
md:M00025	cpd:C00082
md:M00026	cpd:C00119
md:M00026	cpd:C02739
md:M00026	cpd:C02741
md:M00026	cpd:C04896
md:M00026	cpd:C04916
md:M00026	cpd:C04666
md:M00026	cpd:C01267
md:M00026	cpd:C01100
md:M00026	cpd:C00860
md:M00026	cpd:C01929
md:M00026	cpd:C00135
md:M00027	cpd:C00025
md:M00027	cpd:C00334
md:M00027	cpd:C00232
md:M00027	cpd:C00042
md:M00028	cpd:C00025
md:M00028	cpd:C00624
md:M00028	cpd:C04133
md:M00028	cpd:C01250
md:M00028	cpd:C00437
md:M00028	cpd:C00077
md:M00029	cpd:C00014
md:M00029	cpd:C00169
md:M00029	cpd:C00077
md:M00029	cpd:C00327
md:M00029	cpd:C00049
md:M00029	cpd:C03406
md:M00029	cpd:C00062
md:M00029	cpd:C00122
md:M00029	cpd:C00086
md:M00030	cpd:C00026
md:M00030	cpd:C00024
md:M00030	cpd:C01251
md:M00030	cpd:C04002
md:M00030	cpd:C05662
md:M00030	cpd:C00322
md:M00030	cpd:C00956
md:M00030	cpd:C05560
md:M00030	cpd:C05535
md:M00030	cpd:C04076
md:M00030	cpd:C00449
md:M00030	cpd:C00047
md:M00031	cpd:C00956
md:M00031	cpd:C19886
md:M00031	cpd:C19887
md:M00031	cpd:C19888
md:M00031	cpd:C19889
md:M00031	cpd:C00047
md:M00032	cpd:C00047
md:M00032	cpd:C00449
md:M00032	cpd:C04076
md:M00032	cpd:C00956
md:M00032	cpd:C00322
md:M00032	cpd:C06157
md:M00032	cpd:C00527
md:M00032	cpd:C00877
md:M00032	cpd:C01144
md:M00032	cpd:C00332
md:M00033	cpd:C00049
md:M00033	cpd:C03082
md:M00033	cpd:C00441
md:M00033	cpd:C03283
md:M00033	cpd:C06442
md:M00033	cpd:C06231
md:M00034	cpd:C00073
md:M00034	cpd:C00019
md:M00034	cpd:C01137
md:M00034	cpd:C00170
md:M00034	cpd:C03089
md:M00034	cpd:C04188
md:M00034	cpd:C04582
md:M00034	cpd:C15650
md:M00034	cpd:C15651
md:M00034	cpd:C15606
md:M00034	cpd:C01180
md:M00035	cpd:C00073
md:M00035	cpd:C00019
md:M00035	cpd:C00021
md:M00035	cpd:C00155
md:M00035	cpd:C00065
md:M00035	cpd:C02291
md:M00036	cpd:C00123
md:M00036	cpd:C00233
md:M00036	cpd:C15972
md:M00036	cpd:C15975
md:M00036	cpd:C02939
md:M00036	cpd:C15973
md:M00036	cpd:C03069
md:M00036	cpd:C03231
md:M00036	cpd:C00356
md:M00036	cpd:C00164
md:M00037	cpd:C00078
md:M00037	cpd:C00643
md:M00037	cpd:C00780
md:M00037	cpd:C00978
md:M00037	cpd:C01598
md:M00038	cpd:C00078
md:M00038	cpd:C02700
md:M00038	cpd:C00328
md:M00038	cpd:C03227
md:M00038	cpd:C00632
md:M00038	cpd:C04409
md:M00038	cpd:C03824
md:M00038	cpd:C02220
md:M00039	cpd:C00079
md:M00039	cpd:C00423
md:M00039	cpd:C00811
md:M00039	cpd:C00082
md:M00039	cpd:C00223
md:M00039	cpd:C05608
md:M00039	cpd:C02646
md:M00039	cpd:C02947
md:M00039	cpd:C10434
md:M00039	cpd:C00323
md:M00039	cpd:C01197
md:M00039	cpd:C00406
md:M00039	cpd:C02666
md:M00039	cpd:C00590
md:M00039	cpd:C12204
md:M00039	cpd:C05610
md:M00039	cpd:C02325
md:M00040	cpd:C00254
md:M00040	cpd:C00826
md:M00040	cpd:C00082
md:M00042	cpd:C00082
md:M00042	cpd:C00355
md:M00042	cpd:C03758
md:M00042	cpd:C00547
md:M00042	cpd:C00788
md:M00043	cpd:C00082
md:M00043	cpd:C02515
md:M00043	cpd:C01060
md:M00043	cpd:C02465
md:M00044	cpd:C00082
md:M00044	cpd:C01179
md:M00044	cpd:C00544
md:M00044	cpd:C01036
md:M00044	cpd:C01061
md:M00044	cpd:C00164
md:M00044	cpd:C00122
md:M00045	cpd:C00135
md:M00045	cpd:C00785
md:M00045	cpd:C03680
md:M00045	cpd:C00439
md:M00045	cpd:C00025
md:M00046	cpd:C00106
md:M00046	cpd:C00429
md:M00046	cpd:C02642
md:M00046	cpd:C00099
md:M00046	cpd:C00178
md:M00046	cpd:C21028
md:M00046	cpd:C21029
md:M00046	cpd:C01205
md:M00047	cpd:C00062
md:M00047	cpd:C00581
md:M00047	cpd:C00300
md:M00047	cpd:C02305
md:M00047	cpd:C00791
md:M00048	cpd:C00119
md:M00048	cpd:C00064
md:M00048	cpd:C03090
md:M00048	cpd:C03838
md:M00048	cpd:C04376
md:M00048	cpd:C04640
md:M00048	cpd:C03373
md:M00048	cpd:C04751
md:M00048	cpd:C15667
md:M00048	cpd:C04823
md:M00048	cpd:C04677
md:M00048	cpd:C04734
md:M00048	cpd:C00130
md:M00049	cpd:C00130
md:M00049	cpd:C03794
md:M00049	cpd:C00020
md:M00049	cpd:C00008
md:M00049	cpd:C00002
md:M00050	cpd:C00130
md:M00050	cpd:C00655
md:M00050	cpd:C00144
md:M00050	cpd:C00035
md:M00050	cpd:C00044
md:M00051	cpd:C00064
md:M00051	cpd:C00169
md:M00051	cpd:C00438
md:M00051	cpd:C00337
md:M00051	cpd:C00295
md:M00051	cpd:C00119
md:M00051	cpd:C01103
md:M00051	cpd:C00105
md:M00052	cpd:C00105
md:M00052	cpd:C00015
md:M00052	cpd:C00075
md:M00052	cpd:C00063
md:M00052	cpd:C00112
md:M00053	cpd:C00112
md:M00053	cpd:C00705
md:M00053	cpd:C00458
md:M00053	cpd:C00063
md:M00053	cpd:C00460
md:M00053	cpd:C00365
md:M00053	cpd:C00364
md:M00053	cpd:C00363
md:M00053	cpd:C00459
md:M00055	cpd:C00110
md:M00055	cpd:C01246
md:M00056	cpd:C02189
md:M00057	cpd:C02189
md:M00060	cpd:C00043
md:M00060	cpd:C04738
md:M00060	cpd:C06022
md:M00060	cpd:C04652
md:M00060	cpd:C04824
md:M00060	cpd:C04932
md:M00060	cpd:C04919
md:M00060	cpd:C06024
md:M00060	cpd:C06025
md:M00060	cpd:C06251
md:M00060	cpd:C06026
md:M00061	cpd:C00191
md:M00061	cpd:C00905
md:M00061	cpd:C00514
md:M00061	cpd:C00204
md:M00061	cpd:C04442
md:M00061	cpd:C00022
md:M00061	cpd:C00118
md:M00063	cpd:C00199
md:M00063	cpd:C01112
md:M00063	cpd:C04478
md:M00063	cpd:C01187
md:M00063	cpd:C04121
md:M00064	cpd:C05382
md:M00064	cpd:C07836
md:M00064	cpd:C11472
md:M00064	cpd:C07838
md:M00064	cpd:C06397
md:M00064	cpd:C06398
md:M00065	cpd:C01194
md:M00066	cpd:C00195
md:M00066	cpd:C01190
md:M00066	cpd:C01290
md:M00067	cpd:C00195
md:M00067	cpd:C02686
md:M00067	cpd:C06125
md:M00067	cpd:C03201
md:M00067	cpd:C20859
md:M00067	cpd:C20825
md:M00072	cpd:C03021
md:M00072	cpd:C00621
md:M00076	cpd:C00426
md:M00077	cpd:C00634
md:M00078	cpd:C00925
md:M00079	cpd:C00573
md:M00080	cpd:C06026
md:M00080	cpd:C06398
md:M00080	cpd:C00338
md:M00081	cpd:C00714
md:M00081	cpd:C00470
md:M00081	cpd:C02273
md:M00081	cpd:C00333
md:M00082	cpd:C00024
md:M00082	cpd:C00083
md:M00082	cpd:C01209
md:M00082	cpd:C03939
md:M00082	cpd:C05744
md:M00083	cpd:C03939
md:M00083	cpd:C05744
md:M00083	cpd:C04618
md:M00083	cpd:C04246
md:M00083	cpd:C05745
md:M00085	cpd:C00024
md:M00085	cpd:C00264
md:M00085	cpd:C00640
md:M00085	cpd:C00658
md:M00085	cpd:C00605
md:M00085	cpd:C00040
md:M00086	cpd:C00249
md:M00086	cpd:C00154
md:M00087	cpd:C00154
md:M00087	cpd:C05272
md:M00087	cpd:C05258
md:M00087	cpd:C05259
md:M00087	cpd:C02593
md:M00088	cpd:C00024
md:M00088	cpd:C00332
md:M00088	cpd:C00356
md:M00088	cpd:C00164
md:M00088	cpd:C01089
md:M00088	cpd:C00207
md:M00089	cpd:C00093
md:M00089	cpd:C00681
md:M00089	cpd:C00416
md:M00089	cpd:C00641
md:M00089	cpd:C00422
md:M00090	cpd:C00114
md:M00090	cpd:C00588
md:M00090	cpd:C00307
md:M00090	cpd:C00157
md:M00091	cpd:C00350
md:M00091	cpd:C01241
md:M00091	cpd:C04308
md:M00091	cpd:C00157
md:M00092	cpd:C00189
md:M00092	cpd:C00346
md:M00092	cpd:C00570
md:M00092	cpd:C00350
md:M00093	cpd:C00416
md:M00093	cpd:C00269
md:M00093	cpd:C02737
md:M00093	cpd:C00350
md:M00094	cpd:C00154
md:M00094	cpd:C00065
md:M00094	cpd:C02934
md:M00094	cpd:C00836
md:M00094	cpd:C12126
md:M00094	cpd:C00195
md:M00095	cpd:C00024
md:M00095	cpd:C00332
md:M00095	cpd:C00356
md:M00095	cpd:C00418
md:M00095	cpd:C01107
md:M00095	cpd:C01143
md:M00095	cpd:C00129
md:M00095	cpd:C00235
md:M00096	cpd:C00118
md:M00096	cpd:C00022
md:M00096	cpd:C11437
md:M00096	cpd:C11434
md:M00096	cpd:C11435
md:M00096	cpd:C11436
md:M00096	cpd:C11453
md:M00096	cpd:C11811
md:M00096	cpd:C00129
md:M00096	cpd:C00235
md:M00097	cpd:C00353
md:M00097	cpd:C03427
md:M00097	cpd:C05421
md:M00097	cpd:C19765
md:M00097	cpd:C19764
md:M00097	cpd:C15857
md:M00097	cpd:C19759
md:M00097	cpd:C15858
md:M00097	cpd:C05432
md:M00097	cpd:C05435
md:M00097	cpd:C02094
md:M00098	cpd:C00422
md:M00098	cpd:C00641
md:M00098	cpd:C01885
md:M00098	cpd:C00116
md:M00099	cpd:C00154
md:M00099	cpd:C02934
md:M00099	cpd:C00836
md:M00099	cpd:C12126
md:M00099	cpd:C00195
md:M00099	cpd:C00319
md:M00100	cpd:C00319
md:M00100	cpd:C06124
md:M00100	cpd:C00346
md:M00101	cpd:C01054
md:M00101	cpd:C01724
md:M00101	cpd:C11455
md:M00101	cpd:C05108
md:M00101	cpd:C15808
md:M00101	cpd:C15816
md:M00101	cpd:C05103
md:M00101	cpd:C05437
md:M00101	cpd:C03845
md:M00101	cpd:C01189
md:M00101	cpd:C01164
md:M00101	cpd:C00187
md:M00102	cpd:C05437
md:M00102	cpd:C04525
md:M00102	cpd:C15777
md:M00102	cpd:C15778
md:M00102	cpd:C05440
md:M00102	cpd:C01694
md:M00102	cpd:C05441
md:M00103	cpd:C01164
md:M00103	cpd:C05443
md:M00103	cpd:C01561
md:M00103	cpd:C01673
md:M00104	cpd:C00187
md:M00104	cpd:C03594
md:M00104	cpd:C05455
md:M00104	cpd:C17339
md:M00104	cpd:C05453
md:M00104	cpd:C05454
md:M00104	cpd:C05446
md:M00104	cpd:C01301
md:M00104	cpd:C04722
md:M00104	cpd:C15613
md:M00104	cpd:C17343
md:M00104	cpd:C05460
md:M00104	cpd:C05450
md:M00104	cpd:C05467
md:M00104	cpd:C01794
md:M00104	cpd:C00695
md:M00104	cpd:C05451
md:M00104	cpd:C05452
md:M00104	cpd:C05444
md:M00104	cpd:C05445
md:M00104	cpd:C04554
md:M00104	cpd:C17345
md:M00104	cpd:C17346
md:M00104	cpd:C05447
md:M00104	cpd:C05448
md:M00104	cpd:C05449
md:M00104	cpd:C05337
md:M00104	cpd:C02528
md:M00106	cpd:C00695
md:M00106	cpd:C01794
md:M00106	cpd:C05122
md:M00106	cpd:C01921
md:M00107	cpd:C00187
md:M00107	cpd:C05500
md:M00107	cpd:C05501
md:M00107	cpd:C05502
md:M00107	cpd:C01953
md:M00107	cpd:C00410
md:M00108	cpd:C00410
md:M00108	cpd:C03205
md:M00108	cpd:C02140
md:M00108	cpd:C01124
md:M00108	cpd:C01780
md:M00109	cpd:C00410
md:M00109	cpd:C01176
md:M00109	cpd:C05488
md:M00109	cpd:C00735
md:M00109	cpd:C00762
md:M00110	cpd:C01953
md:M00110	cpd:C05138
md:M00110	cpd:C01227
md:M00110	cpd:C00280
md:M00110	cpd:C05290
md:M00110	cpd:C05297
md:M00110	cpd:C00468
md:M00112	cpd:C05427
md:M00112	cpd:C15882
md:M00112	cpd:C15883
md:M00112	cpd:C02483
md:M00112	cpd:C02477
md:M00112	cpd:C14151
md:M00112	cpd:C14152
md:M00112	cpd:C00353
md:M00112	cpd:C20737
md:M00112	cpd:C20738
md:M00112	cpd:C14155
md:M00112	cpd:C14153
md:M00112	cpd:C14156
md:M00112	cpd:C14154
md:M00113	cpd:C06427
md:M00113	cpd:C04785
md:M00113	cpd:C04672
md:M00113	cpd:C01226
md:M00113	cpd:C04780
md:M00113	cpd:C16327
md:M00113	cpd:C16328
md:M00113	cpd:C16330
md:M00113	cpd:C16331
md:M00113	cpd:C16332
md:M00113	cpd:C16334
md:M00113	cpd:C16335
md:M00113	cpd:C16336
md:M00113	cpd:C16338
md:M00113	cpd:C16339
md:M00113	cpd:C16317
md:M00113	cpd:C08491
md:M00114	cpd:C00668
md:M00114	cpd:C05345
md:M00114	cpd:C00275
md:M00114	cpd:C00636
md:M00114	cpd:C00096
md:M00114	cpd:C02280
md:M00114	cpd:C15926
md:M00114	cpd:C01825
md:M00114	cpd:C01115
md:M00114	cpd:C00072
md:M00115	cpd:C00049
md:M00115	cpd:C05840
md:M00115	cpd:C03722
md:M00115	cpd:C01185
md:M00115	cpd:C00857
md:M00115	cpd:C00003
md:M00116	cpd:C00251
md:M00116	cpd:C00885
md:M00116	cpd:C16519
md:M00116	cpd:C05817
md:M00116	cpd:C02730
md:M00116	cpd:C03160
md:M00116	cpd:C15547
md:M00116	cpd:C03657
md:M00116	cpd:C05818
md:M00116	cpd:C00828
md:M00117	cpd:C00251
md:M00117	cpd:C00156
md:M00117	cpd:C05848
md:M00117	cpd:C05807
md:M00117	cpd:C17551
md:M00117	cpd:C17552
md:M00117	cpd:C17560
md:M00117	cpd:C17561
md:M00117	cpd:C17562
md:M00117	cpd:C00399
md:M00118	cpd:C00025
md:M00118	cpd:C00669
md:M00118	cpd:C00051
md:M00119	cpd:C00183
md:M00119	cpd:C00141
md:M00119	cpd:C00966
md:M00119	cpd:C00522
md:M00119	cpd:C00049
md:M00119	cpd:C00099
md:M00119	cpd:C00864
md:M00120	cpd:C00864
md:M00120	cpd:C03492
md:M00120	cpd:C04352
md:M00120	cpd:C01134
md:M00120	cpd:C00882
md:M00120	cpd:C00010
md:M00121	cpd:C00025
md:M00121	cpd:C02987
md:M00121	cpd:C03741
md:M00121	cpd:C00430
md:M00121	cpd:C00931
md:M00121	cpd:C01024
md:M00121	cpd:C01051
md:M00121	cpd:C03263
md:M00121	cpd:C01079
md:M00121	cpd:C02191
md:M00121	cpd:C00032
md:M00121	cpd:C02463
md:M00121	cpd:C05778
md:M00121	cpd:C00748
md:M00122	cpd:C06505
md:M00122	cpd:C06506
md:M00122	cpd:C06507
md:M00122	cpd:C06508
md:M00122	cpd:C06509
md:M00122	cpd:C06510
md:M00122	cpd:C03114
md:M00122	cpd:C04778
md:M00122	cpd:C05775
md:M00122	cpd:C00194
md:M00123	cpd:C19845
md:M00123	cpd:C01092
md:M00123	cpd:C01063
md:M00123	cpd:C01037
md:M00123	cpd:C01909
md:M00123	cpd:C00120
md:M00124	cpd:C00279
md:M00124	cpd:C03393
md:M00124	cpd:C06054
md:M00124	cpd:C06055
md:M00124	cpd:C07335
md:M00124	cpd:C11638
md:M00124	cpd:C00627
md:M00124	cpd:C00018
md:M00125	cpd:C00044
md:M00125	cpd:C01304
md:M00125	cpd:C01268
md:M00125	cpd:C04454
md:M00125	cpd:C04732
md:M00125	cpd:C00199
md:M00125	cpd:C15556
md:M00125	cpd:C04332
md:M00125	cpd:C00255
md:M00125	cpd:C00061
md:M00125	cpd:C00016
md:M00126	cpd:C00044
md:M00126	cpd:C05922
md:M00126	cpd:C05923
md:M00126	cpd:C06148
md:M00126	cpd:C04895
md:M00126	cpd:C04874
md:M00126	cpd:C01300
md:M00126	cpd:C04807
md:M00126	cpd:C00921
md:M00126	cpd:C00415
md:M00126	cpd:C00101
md:M00127	cpd:C03373
md:M00127	cpd:C04556
md:M00127	cpd:C04752
md:M00127	cpd:C04294
md:M00127	cpd:C04327
md:M00127	cpd:C01081
md:M00127	cpd:C00068
md:M00128	cpd:C00156
md:M00128	cpd:C05848
md:M00128	cpd:C17554
md:M00128	cpd:C17559
md:M00128	cpd:C17552
md:M00128	cpd:C17560
md:M00128	cpd:C17561
md:M00128	cpd:C17562
md:M00128	cpd:C00399
md:M00129	cpd:C00103
md:M00129	cpd:C00029
md:M00129	cpd:C00167
md:M00129	cpd:C03033
md:M00129	cpd:C00191
md:M00129	cpd:C00800
md:M00129	cpd:C01040
md:M00129	cpd:C03289
md:M00129	cpd:C00072
md:M00130	cpd:C01194
md:M00130	cpd:C01277
md:M00130	cpd:C04637
md:M00130	cpd:C01245
md:M00130	cpd:C01272
md:M00131	cpd:C01272
md:M00131	cpd:C01243
md:M00131	cpd:C04063
md:M00131	cpd:C04006
md:M00131	cpd:C00137
md:M00132	cpd:C01243
md:M00132	cpd:C04477
md:M00132	cpd:C01284
md:M00132	cpd:C01204
md:M00133	cpd:C00062
md:M00133	cpd:C00179
md:M00133	cpd:C00134
md:M00133	cpd:C00019
md:M00133	cpd:C01137
md:M00133	cpd:C00315
md:M00134	cpd:C00062
md:M00134	cpd:C00077
md:M00134	cpd:C00134
md:M00135	cpd:C00134
md:M00135	cpd:C02714
md:M00135	cpd:C05936
md:M00135	cpd:C02946
md:M00135	cpd:C00334
md:M00136	cpd:C00134
md:M00136	cpd:C15699
md:M00136	cpd:C15700
md:M00136	cpd:C15767
md:M00136	cpd:C00334
md:M00137	cpd:C00079
md:M00137	cpd:C00423
md:M00137	cpd:C00811
md:M00137	cpd:C00223
md:M00137	cpd:C06561
md:M00137	cpd:C00509
md:M00138	cpd:C00509
md:M00138	cpd:C00974
md:M00138	cpd:C03648
md:M00138	cpd:C05904
md:M00140	cpd:C00101
md:M00140	cpd:C00143
md:M00140	cpd:C00445
md:M00140	cpd:C00234
md:M00141	cpd:C00101
md:M00141	cpd:C00143
md:M00141	cpd:C00445
md:M00141	cpd:C00234
md:M00142	cpd:C00390
md:M00142	cpd:C00003
md:M00142	cpd:C00399
md:M00142	cpd:C00004
md:M00142	cpd:C00080
md:M00144	cpd:C00004
md:M00144	cpd:C00399
md:M00144	cpd:C00080
md:M00144	cpd:C00003
md:M00144	cpd:C00390
md:M00145	cpd:C00004
md:M00145	cpd:C00399
md:M00145	cpd:C00080
md:M00145	cpd:C00003
md:M00145	cpd:C00390
md:M00148	cpd:C00399
md:M00148	cpd:C00042
md:M00148	cpd:C00390
md:M00148	cpd:C00122
md:M00149	cpd:C00042
md:M00149	cpd:C15602
md:M00149	cpd:C00122
md:M00149	cpd:C15603
md:M00150	cpd:C00042
md:M00150	cpd:C15602
md:M00150	cpd:C00122
md:M00150	cpd:C15603
md:M00151	cpd:C00390
md:M00151	cpd:C00125
md:M00151	cpd:C00399
md:M00151	cpd:C00126
md:M00151	cpd:C00080
md:M00152	cpd:C00390
md:M00152	cpd:C00125
md:M00152	cpd:C00399
md:M00152	cpd:C00126
md:M00152	cpd:C00080
md:M00165	cpd:C00199
md:M00165	cpd:C01182
md:M00165	cpd:C00011
md:M00165	cpd:C00197
md:M00165	cpd:C00236
md:M00165	cpd:C00118
md:M00165	cpd:C00354
md:M00165	cpd:C00085
md:M00165	cpd:C00279
md:M00165	cpd:C00447
md:M00165	cpd:C05382
md:M00165	cpd:C00117
md:M00166	cpd:C00199
md:M00166	cpd:C01182
md:M00166	cpd:C00011
md:M00166	cpd:C00197
md:M00166	cpd:C00236
md:M00166	cpd:C00118
md:M00167	cpd:C00118
md:M00167	cpd:C00354
md:M00167	cpd:C00085
md:M00167	cpd:C00279
md:M00167	cpd:C00447
md:M00167	cpd:C05382
md:M00167	cpd:C00117
md:M00167	cpd:C00199
md:M00168	cpd:C00074
md:M00168	cpd:C00011
md:M00168	cpd:C00036
md:M00168	cpd:C00149
md:M00169	cpd:C00149
md:M00169	cpd:C00022
md:M00169	cpd:C00011
md:M00169	cpd:C00074
md:M00170	cpd:C00074
md:M00170	cpd:C00036
md:M00170	cpd:C00049
md:M00170	cpd:C00011
md:M00171	cpd:C00074
md:M00171	cpd:C00036
md:M00171	cpd:C00049
md:M00171	cpd:C00149
md:M00171	cpd:C00022
md:M00171	cpd:C00011
md:M00171	cpd:C00041
md:M00172	cpd:C00074
md:M00172	cpd:C00011
md:M00172	cpd:C00036
md:M00172	cpd:C00149
md:M00172	cpd:C00022
md:M00173	cpd:C00024
md:M00173	cpd:C00022
md:M00173	cpd:C00074
md:M00173	cpd:C00036
md:M00173	cpd:C00149
md:M00173	cpd:C00122
md:M00173	cpd:C00042
md:M00173	cpd:C00091
md:M00173	cpd:C00026
md:M00173	cpd:C00311
md:M00173	cpd:C00417
md:M00173	cpd:C00158
md:M00173	cpd:C00566
md:M00174	cpd:C01438
md:M00174	cpd:C00132
md:M00174	cpd:C00067
md:M00175	cpd:C00697
md:M00175	cpd:C00014
md:M00176	cpd:C00059
md:M00176	cpd:C00224
md:M00176	cpd:C00053
md:M00176	cpd:C00094
md:M00176	cpd:C00283
md:M00307	cpd:C00022
md:M00307	cpd:C00024
md:M00308	cpd:C00257
md:M00308	cpd:C00204
md:M00308	cpd:C04442
md:M00308	cpd:C00118
md:M00308	cpd:C00022
md:M00308	cpd:C00236
md:M00308	cpd:C00197
md:M00309	cpd:C00257
md:M00309	cpd:C00204
md:M00309	cpd:C00577
md:M00309	cpd:C00022
md:M00309	cpd:C00880
md:M00309	cpd:C01216
md:M00309	cpd:C00258
md:M00338	cpd:C00065
md:M00338	cpd:C00155
md:M00338	cpd:C02291
md:M00338	cpd:C00097
md:M00344	cpd:C00067
md:M00344	cpd:C00184
md:M00344	cpd:C00111
md:M00344	cpd:C00354
md:M00344	cpd:C00085
md:M00345	cpd:C00067
md:M00345	cpd:C06019
md:M00345	cpd:C00085
md:M00345	cpd:C00354
md:M00345	cpd:C00111
md:M00346	cpd:C00037
md:M00346	cpd:C00065
md:M00346	cpd:C00168
md:M00346	cpd:C00258
md:M00346	cpd:C00631
md:M00346	cpd:C00074
md:M00346	cpd:C00036
md:M00346	cpd:C00149
md:M00346	cpd:C04348
md:M00346	cpd:C00048
md:M00350	cpd:C00079
md:M00350	cpd:C00423
md:M00350	cpd:C00811
md:M00350	cpd:C00223
md:M00350	cpd:C00323
md:M00350	cpd:C00406
md:M00350	cpd:C07303
md:M00350	cpd:C00755
md:M00350	cpd:C16666
md:M00350	cpd:C00630
md:M00350	cpd:C18202
md:M00350	cpd:C06866
md:M00356	cpd:C00132
md:M00356	cpd:C03920
md:M00356	cpd:C04628
md:M00356	cpd:C01438
md:M00356	cpd:C04832
md:M00357	cpd:C00033
md:M00357	cpd:C00227
md:M00357	cpd:C00024
md:M00357	cpd:C04488
md:M00357	cpd:C03920
md:M00357	cpd:C04628
md:M00357	cpd:C01438
md:M00357	cpd:C04832
md:M00358	cpd:C00074
md:M00358	cpd:C11536
md:M00358	cpd:C11537
md:M00358	cpd:C05528
md:M00358	cpd:C00593
md:M00358	cpd:C03576
md:M00364	cpd:C00129
md:M00364	cpd:C00235
md:M00364	cpd:C00341
md:M00364	cpd:C00448
md:M00364	cpd:C00353
md:M00365	cpd:C00129
md:M00365	cpd:C00235
md:M00365	cpd:C00341
md:M00365	cpd:C00448
md:M00365	cpd:C00353
md:M00366	cpd:C00129
md:M00366	cpd:C00235
md:M00366	cpd:C00341
md:M00366	cpd:C00448
md:M00366	cpd:C00353
md:M00367	cpd:C00129
md:M00367	cpd:C00235
md:M00367	cpd:C00341
md:M00367	cpd:C00448
md:M00367	cpd:C00353
md:M00368	cpd:C00073
md:M00368	cpd:C00019
md:M00368	cpd:C01234
md:M00368	cpd:C06547
md:M00369	cpd:C00082
md:M00369	cpd:C03004
md:M00369	cpd:C15503
md:M00369	cpd:C04350
md:M00369	cpd:C03742
md:M00369	cpd:C05143
md:M00370	cpd:C00078
md:M00370	cpd:C02937
md:M00370	cpd:C16518
md:M00370	cpd:C16516
md:M00370	cpd:C16517
md:M00370	cpd:C05837
md:M00371	cpd:C01789
md:M00371	cpd:C15795
md:M00371	cpd:C15796
md:M00371	cpd:C15797
md:M00371	cpd:C15800
md:M00371	cpd:C15801
md:M00371	cpd:C15802
md:M00371	cpd:C15803
md:M00371	cpd:C15794
md:M00372	cpd:C02094
md:M00372	cpd:C08591
md:M00372	cpd:C06098
md:M00372	cpd:C08579
md:M00372	cpd:C08614
md:M00372	cpd:C13433
md:M00372	cpd:C13453
md:M00372	cpd:C08606
md:M00372	cpd:C13431
md:M00372	cpd:C13455
md:M00372	cpd:C06082
md:M00373	cpd:C00024
md:M00373	cpd:C00332
md:M00373	cpd:C03561
md:M00373	cpd:C00877
md:M00373	cpd:C18026
md:M00373	cpd:C20238
md:M00373	cpd:C18324
md:M00373	cpd:C06028
md:M00373	cpd:C06027
md:M00373	cpd:C00100
md:M00373	cpd:C00048
md:M00373	cpd:C04348
md:M00373	cpd:C00149
md:M00373	cpd:C00683
md:M00373	cpd:C01213
md:M00373	cpd:C00091
md:M00374	cpd:C00024
md:M00374	cpd:C00022
md:M00374	cpd:C00074
md:M00374	cpd:C00036
md:M00374	cpd:C00149
md:M00374	cpd:C00122
md:M00374	cpd:C00042
md:M00374	cpd:C00091
md:M00374	cpd:C00232
md:M00374	cpd:C00989
md:M00374	cpd:C11062
md:M00374	cpd:C00877
md:M00374	cpd:C01144
md:M00374	cpd:C00332
md:M00375	cpd:C00024
md:M00375	cpd:C00083
md:M00375	cpd:C00222
md:M00375	cpd:C01013
md:M00375	cpd:C05668
md:M00375	cpd:C00894
md:M00375	cpd:C00100
md:M00375	cpd:C00683
md:M00375	cpd:C01213
md:M00375	cpd:C00091
md:M00375	cpd:C00232
md:M00375	cpd:C00989
md:M00375	cpd:C11062
md:M00375	cpd:C00877
md:M00375	cpd:C01144
md:M00375	cpd:C00332
md:M00376	cpd:C00024
md:M00376	cpd:C00083
md:M00376	cpd:C00222
md:M00376	cpd:C01013
md:M00376	cpd:C05668
md:M00376	cpd:C00894
md:M00376	cpd:C00100
md:M00376	cpd:C00683
md:M00376	cpd:C01213
md:M00376	cpd:C00091
md:M00376	cpd:C00042
md:M00376	cpd:C00122
md:M00376	cpd:C00149
md:M00376	cpd:C04348
md:M00376	cpd:C00048
md:M00376	cpd:C06027
md:M00376	cpd:C06028
md:M00376	cpd:C18323
md:M00376	cpd:C01011
md:M00376	cpd:C00022
md:M00377	cpd:C00011
md:M00377	cpd:C00237
md:M00377	cpd:C00058
md:M00377	cpd:C00101
md:M00377	cpd:C00234
md:M00377	cpd:C00445
md:M00377	cpd:C00143
md:M00377	cpd:C00440
md:M00377	cpd:C00024
md:M00378	cpd:C01179
md:M00378	cpd:C04732
md:M00378	cpd:C19154
md:M00378	cpd:C19155
md:M00378	cpd:C19153
md:M00378	cpd:C19156
md:M00378	cpd:C19152
md:M00378	cpd:C00876
md:M00415	cpd:C00083
md:M00415	cpd:C20877
md:M00415	cpd:C20878
md:M00415	cpd:C20879
md:M00415	cpd:C20876
md:M00416	cpd:C05819
md:M00416	cpd:C00007
md:M00416	cpd:C00828
md:M00416	cpd:C00001
md:M00418	cpd:C01455
md:M00418	cpd:C09816
md:M00418	cpd:C09817
md:M00418	cpd:C09818
md:M00418	cpd:C09819
md:M00418	cpd:C09820
md:M00418	cpd:C00512
md:M00419	cpd:C06575
md:M00419	cpd:C06576
md:M00419	cpd:C06577
md:M00419	cpd:C06578
md:M00422	cpd:C00011
md:M00422	cpd:C00237
md:M00422	cpd:C00024
md:M00432	cpd:C00141
md:M00432	cpd:C00024
md:M00432	cpd:C02504
md:M00432	cpd:C04411
md:M00432	cpd:C00233
md:M00433	cpd:C00026
md:M00433	cpd:C00024
md:M00433	cpd:C01251
md:M00433	cpd:C04002
md:M00433	cpd:C05662
md:M00433	cpd:C00322
md:M00525	cpd:C00049
md:M00525	cpd:C03082
md:M00525	cpd:C00441
md:M00525	cpd:C20258
md:M00525	cpd:C03972
md:M00525	cpd:C05539
md:M00525	cpd:C04390
md:M00525	cpd:C00666
md:M00525	cpd:C00680
md:M00525	cpd:C00047
md:M00526	cpd:C00049
md:M00526	cpd:C03082
md:M00526	cpd:C00441
md:M00526	cpd:C20258
md:M00526	cpd:C03972
md:M00526	cpd:C03871
md:M00526	cpd:C00680
md:M00526	cpd:C00047
md:M00527	cpd:C00049
md:M00527	cpd:C03082
md:M00527	cpd:C00441
md:M00527	cpd:C20258
md:M00527	cpd:C03972
md:M00527	cpd:C00666
md:M00527	cpd:C00680
md:M00527	cpd:C00047
md:M00528	cpd:C00014
md:M00528	cpd:C00192
md:M00528	cpd:C00088
md:M00529	cpd:C00244
md:M00529	cpd:C00088
md:M00529	cpd:C00533
md:M00529	cpd:C00887
md:M00529	cpd:C00697
md:M00530	cpd:C00244
md:M00530	cpd:C00088
md:M00530	cpd:C00014
md:M00531	cpd:C00244
md:M00531	cpd:C00088
md:M00531	cpd:C00014
md:M00532	cpd:C01182
md:M00532	cpd:C00988
md:M00532	cpd:C00197
md:M00532	cpd:C00160
md:M00532	cpd:C00007
md:M00532	cpd:C00048
md:M00532	cpd:C00027
md:M00532	cpd:C00025
md:M00532	cpd:C00026
md:M00532	cpd:C00037
md:M00532	cpd:C00065
md:M00532	cpd:C00168
md:M00532	cpd:C00258
md:M00532	cpd:C00014
md:M00533	cpd:C01161
md:M00533	cpd:C04642
md:M00533	cpd:C04186
md:M00533	cpd:C04052
md:M00533	cpd:C05600
md:M00533	cpd:C03063
md:M00534	cpd:C00829
md:M00534	cpd:C04314
md:M00534	cpd:C03012
md:M00534	cpd:C06204
md:M00534	cpd:C06203
md:M00534	cpd:C06202
md:M00534	cpd:C00805
md:M00535	cpd:C00022
md:M00535	cpd:C02612
md:M00535	cpd:C02226
md:M00535	cpd:C06032
md:M00535	cpd:C00109
md:M00537	cpd:C06756
md:M00537	cpd:C06757
md:M00537	cpd:C06758
md:M00537	cpd:C01454
md:M00537	cpd:C07212
md:M00537	cpd:C07213
md:M00537	cpd:C07214
md:M00537	cpd:C07215
md:M00537	cpd:C07208
md:M00537	cpd:C07216
md:M00537	cpd:C07209
md:M00537	cpd:C07211
md:M00538	cpd:C01455
md:M00538	cpd:C00556
md:M00538	cpd:C00261
md:M00538	cpd:C00180
md:M00539	cpd:C06578
md:M00539	cpd:C06579
md:M00539	cpd:C06580
md:M00539	cpd:C06581
md:M00539	cpd:C06582
md:M00539	cpd:C00596
md:M00539	cpd:C02632
md:M00540	cpd:C09822
md:M00540	cpd:C09823
md:M00540	cpd:C09811
md:M00540	cpd:C09812
md:M00540	cpd:C09813
md:M00540	cpd:C01063
md:M00541	cpd:C00512
md:M00541	cpd:C06322
md:M00541	cpd:C06749
md:M00541	cpd:C09821
md:M00541	cpd:C06714
md:M00543	cpd:C06588
md:M00543	cpd:C06589
md:M00543	cpd:C02526
md:M00543	cpd:C01273
md:M00543	cpd:C00596
md:M00543	cpd:C00180
md:M00543	cpd:C06584
md:M00543	cpd:C06585
md:M00543	cpd:C06586
md:M00543	cpd:C06587
md:M00543	cpd:C02370
md:M00544	cpd:C08060
md:M00544	cpd:C08061
md:M00544	cpd:C08062
md:M00544	cpd:C00108
md:M00544	cpd:C00596
md:M00545	cpd:C00423
md:M00545	cpd:C12622
md:M00545	cpd:C12623
md:M00545	cpd:C12621
md:M00545	cpd:C12624
md:M00545	cpd:C00596
md:M00545	cpd:C03589
md:M00545	cpd:C00084
md:M00545	cpd:C00024
md:M00546	cpd:C00385
md:M00546	cpd:C00366
md:M00546	cpd:C11821
md:M00546	cpd:C12248
md:M00546	cpd:C02350
md:M00546	cpd:C00499
md:M00546	cpd:C00086
md:M00547	cpd:C01407
md:M00547	cpd:C04091
md:M00547	cpd:C00090
md:M00547	cpd:C01455
md:M00547	cpd:C04592
md:M00547	cpd:C02923
md:M00548	cpd:C01407
md:M00548	cpd:C00146
md:M00548	cpd:C00090
md:M00549	cpd:C00267
md:M00549	cpd:C00668
md:M00549	cpd:C00103
md:M00549	cpd:C00029
md:M00550	cpd:C00072
md:M00550	cpd:C16186
md:M00550	cpd:C14899
md:M00550	cpd:C03291
md:M00550	cpd:C01101
md:M00550	cpd:C00231
md:M00551	cpd:C00180
md:M00551	cpd:C06321
md:M00551	cpd:C00090
md:M00551	cpd:C01454
md:M00551	cpd:C06729
md:M00551	cpd:C06730
md:M00551	cpd:C07215
md:M00551	cpd:C06731
md:M00551	cpd:C02923
md:M00551	cpd:C07211
md:M00551	cpd:C06720
md:M00552	cpd:C00880
md:M00552	cpd:C01216
md:M00552	cpd:C01286
md:M00552	cpd:C00118
md:M00552	cpd:C00236
md:M00552	cpd:C00197
md:M00554	cpd:C00124
md:M00554	cpd:C00446
md:M00554	cpd:C00052
md:M00555	cpd:C00114
md:M00555	cpd:C00576
md:M00555	cpd:C00719
md:M00563	cpd:C00218
md:M00563	cpd:C03920
md:M00563	cpd:C00543
md:M00563	cpd:C00565
md:M00563	cpd:C04628
md:M00563	cpd:C01438
md:M00563	cpd:C04832
md:M00565	cpd:C00103
md:M00565	cpd:C00498
md:M00565	cpd:C00718
md:M00565	cpd:C00369
md:M00565	cpd:C01935
md:M00565	cpd:C06400
md:M00565	cpd:C01083
md:M00567	cpd:C00011
md:M00567	cpd:C01001
md:M00567	cpd:C01274
md:M00567	cpd:C04330
md:M00567	cpd:C04377
md:M00567	cpd:C04488
md:M00567	cpd:C03576
md:M00567	cpd:C03920
md:M00567	cpd:C04628
md:M00567	cpd:C01438
md:M00567	cpd:C04832
md:M00568	cpd:C00090
md:M00568	cpd:C02480
md:M00568	cpd:C14610
md:M00568	cpd:C03586
md:M00568	cpd:C00846
md:M00569	cpd:C00090
md:M00569	cpd:C00682
md:M00569	cpd:C02501
md:M00569	cpd:C03453
md:M00569	cpd:C00596
md:M00569	cpd:C03589
md:M00569	cpd:C00022
md:M00569	cpd:C00084
md:M00569	cpd:C00024
md:M00569	cpd:C06730
md:M00569	cpd:C06760
md:M00569	cpd:C07478
md:M00569	cpd:C07479
md:M00569	cpd:C11354
md:M00569	cpd:C06762
md:M00569	cpd:C00479
md:M00569	cpd:C00100
md:M00570	cpd:C00188
md:M00570	cpd:C00109
md:M00570	cpd:C06006
md:M00570	cpd:C14463
md:M00570	cpd:C06007
md:M00570	cpd:C00671
md:M00570	cpd:C00407
md:M00572	cpd:C01209
md:M00572	cpd:C19673
md:M00572	cpd:C20372
md:M00572	cpd:C20373
md:M00572	cpd:C20374
md:M00572	cpd:C20375
md:M00572	cpd:C20376
md:M00572	cpd:C20377
md:M00572	cpd:C20378
md:M00572	cpd:C19846
md:M00572	cpd:C19845
md:M00573	cpd:C00173
md:M00573	cpd:C19845
md:M00573	cpd:C01092
md:M00573	cpd:C01037
md:M00573	cpd:C01909
md:M00573	cpd:C00120
md:M00577	cpd:C02656
md:M00577	cpd:C01063
md:M00577	cpd:C01092
md:M00577	cpd:C01037
md:M00577	cpd:C01909
md:M00577	cpd:C00120
md:M00579	cpd:C00024
md:M00579	cpd:C00227
md:M00579	cpd:C00033
md:M00580	cpd:C05345
md:M00580	cpd:C06019
md:M00580	cpd:C00199
md:M00580	cpd:C00117
md:M00595	cpd:C00320
md:M00595	cpd:C00059
md:M00596	cpd:C00059
md:M00596	cpd:C00224
md:M00596	cpd:C00094
md:M00596	cpd:C00283
md:M00608	cpd:C00026
md:M00608	cpd:C00024
md:M00608	cpd:C01251
md:M00608	cpd:C04002
md:M00608	cpd:C05662
md:M00608	cpd:C00322
md:M00608	cpd:C16583
md:M00608	cpd:C20581
md:M00608	cpd:C16597
md:M00608	cpd:C16588
md:M00608	cpd:C16598
md:M00608	cpd:C20582
md:M00608	cpd:C16600
md:M00608	cpd:C16589
md:M00609	cpd:C00073
md:M00609	cpd:C00019
md:M00609	cpd:C00021
md:M00609	cpd:C03539
md:M00609	cpd:C00155
md:M00609	cpd:C02291
md:M00609	cpd:C00097
md:M00620	cpd:C00024
md:M00620	cpd:C00022
md:M00620	cpd:C00036
md:M00620	cpd:C00149
md:M00620	cpd:C00122
md:M00620	cpd:C00042
md:M00620	cpd:C00091
md:M00620	cpd:C00026
md:M00622	cpd:C00253
md:M00622	cpd:C01020
md:M00622	cpd:C01059
md:M00622	cpd:C18232
md:M00622	cpd:C01596
md:M00622	cpd:C01384
md:M00622	cpd:C00122
md:M00623	cpd:C01606
md:M00623	cpd:C04783
md:M00623	cpd:C03233
md:M00623	cpd:C00230
md:M00624	cpd:C06337
md:M00624	cpd:C06318
md:M00624	cpd:C00230
md:M00630	cpd:C00333
md:M00630	cpd:C15930
md:M00630	cpd:C20680
md:M00630	cpd:C02426
md:M00630	cpd:C00116
md:M00631	cpd:C00333
md:M00631	cpd:C00558
md:M00631	cpd:C00817
md:M00631	cpd:C00204
md:M00631	cpd:C04442
md:M00631	cpd:C00022
md:M00631	cpd:C00118
md:M00632	cpd:C00124
md:M00632	cpd:C00984
md:M00632	cpd:C00446
md:M00632	cpd:C00029
md:M00632	cpd:C00052
md:M00632	cpd:C00103
md:M00633	cpd:C00257
md:M00633	cpd:C00204
md:M00633	cpd:C04442
md:M00633	cpd:C00118
md:M00633	cpd:C00022
md:M00633	cpd:C00197
md:M00633	cpd:C00880
md:M00633	cpd:C01216
md:M00633	cpd:C01286
md:M00636	cpd:C01606
md:M00636	cpd:C18314
md:M00636	cpd:C03223
md:M00636	cpd:C00230
md:M00637	cpd:C00108
md:M00637	cpd:C00090
md:M00638	cpd:C00805
md:M00638	cpd:C00628
md:M00661	cpd:C00353
md:M00661	cpd:C03506
md:M00661	cpd:C20525
md:M00661	cpd:C20526
md:M00661	cpd:C20527
md:M00661	cpd:C20529
md:M00661	cpd:C20530
md:M00672	cpd:C00956
md:M00672	cpd:C00183
md:M00672	cpd:C00097
md:M00672	cpd:C05556
md:M00672	cpd:C05557
md:M00672	cpd:C00395
md:M00673	cpd:C00956
md:M00673	cpd:C00183
md:M00673	cpd:C00097
md:M00673	cpd:C05556
md:M00673	cpd:C05557
md:M00673	cpd:C06564
md:M00673	cpd:C06565
md:M00673	cpd:C03112
md:M00673	cpd:C06568
md:M00673	cpd:C06569
md:M00673	cpd:C06566
md:M00674	cpd:C00062
md:M00674	cpd:C00118
md:M00674	cpd:C06655
md:M00674	cpd:C06656
md:M00674	cpd:C06657
md:M00674	cpd:C06658
md:M00674	cpd:C06659
md:M00674	cpd:C06660
md:M00675	cpd:C03912
md:M00675	cpd:C00083
md:M00675	cpd:C17366
md:M00675	cpd:C17367
md:M00675	cpd:C06669
md:M00736	cpd:C12323
md:M00736	cpd:C00062
md:M00736	cpd:C00065
md:M00736	cpd:C17355
md:M00736	cpd:C17352
md:M00736	cpd:C17351
md:M00736	cpd:C01941
md:M00736	cpd:C01739
md:M00736	cpd:C00927
md:M00740	cpd:C00036
md:M00740	cpd:C00024
md:M00740	cpd:C00158
md:M00740	cpd:C00417
md:M00740	cpd:C00311
md:M00740	cpd:C05379
md:M00740	cpd:C00026
md:M00740	cpd:C00025
md:M00740	cpd:C03618
md:M00740	cpd:C01732
md:M00740	cpd:C06028
md:M00740	cpd:C06027
md:M00740	cpd:C00048
md:M00740	cpd:C04348
md:M00740	cpd:C00149
md:M00741	cpd:C00100
md:M00741	cpd:C00683
md:M00741	cpd:C01213
md:M00741	cpd:C00091
md:M00761	cpd:C00167
md:M00761	cpd:C16155
md:M00761	cpd:C16153
md:M00761	cpd:C16154
md:M00761	cpd:C16156
md:M00761	cpd:C16157
md:M00763	cpd:C00025
md:M00763	cpd:C20948
md:M00763	cpd:C20949
md:M00763	cpd:C20950
md:M00763	cpd:C20951
md:M00763	cpd:C00077
md:M00773	cpd:C02557
md:M00773	cpd:C00083
md:M00773	cpd:C12000
md:M00773	cpd:C12001
md:M00773	cpd:C20760
md:M00773	cpd:C12002
md:M00773	cpd:C12003
md:M00773	cpd:C02400
md:M00773	cpd:C00744
md:M00773	cpd:C01457
md:M00774	cpd:C00100
md:M00774	cpd:C00683
md:M00774	cpd:C03240
md:M00774	cpd:C06635
md:M00774	cpd:C06630
md:M00774	cpd:C06633
md:M00774	cpd:C06616
md:M00774	cpd:C01912
md:M00775	cpd:C00083
md:M00775	cpd:C02557
md:M00775	cpd:C11989
md:M00775	cpd:C11990
md:M00775	cpd:C11991
md:M00775	cpd:C11992
md:M00775	cpd:C01946
md:M00776	cpd:C00683
md:M00776	cpd:C00083
md:M00776	cpd:C11997
md:M00776	cpd:C11998
md:M00776	cpd:C11999
md:M00776	cpd:C11993
md:M00776	cpd:C11994
md:M00776	cpd:C11996
md:M00776	cpd:C11995
md:M00777	cpd:C01033
md:M00777	cpd:C11977
md:M00777	cpd:C11978
md:M00777	cpd:C11979
md:M00777	cpd:C11980
md:M00777	cpd:C11982
md:M00777	cpd:C11984
md:M00777	cpd:C11981
md:M00777	cpd:C11983
md:M00777	cpd:C00630
md:M00777	cpd:C11961
md:M00777	cpd:C11962
md:M00777	cpd:C11963
md:M00777	cpd:C11964
md:M00777	cpd:C11966
md:M00777	cpd:C11968
md:M00777	cpd:C11965
md:M00777	cpd:C11967
md:M00778	cpd:C00083
md:M00778	cpd:C12348
md:M00778	cpd:C18327
md:M00778	cpd:C18328
md:M00778	cpd:C18329
md:M00778	cpd:C18353
md:M00778	cpd:C21430
md:M00778	cpd:C12441
md:M00778	cpd:C12442
md:M00778	cpd:C18293
md:M00778	cpd:C18294
md:M00778	cpd:C12354
md:M00778	cpd:C18330
md:M00778	cpd:C18331
md:M00778	cpd:C18332
md:M00778	cpd:C18629
md:M00778	cpd:C18336
md:M00778	cpd:C18709
md:M00778	cpd:C18337
md:M00778	cpd:C12366
md:M00779	cpd:C18353
md:M00779	cpd:C18354
md:M00779	cpd:C18356
md:M00779	cpd:C12434
md:M00779	cpd:C12435
md:M00779	cpd:C12436
md:M00780	cpd:C18295
md:M00780	cpd:C06629
md:M00780	cpd:C06628
md:M00780	cpd:C06627
md:M00780	cpd:C06654
md:M00780	cpd:C02811
md:M00780	cpd:C03206
md:M00780	cpd:C06570
md:M00780	cpd:C18296
md:M00780	cpd:C06624
md:M00781	cpd:C18629
md:M00781	cpd:C12416
md:M00781	cpd:C12415
md:M00781	cpd:C18630
md:M00781	cpd:C18631
md:M00781	cpd:C12420
md:M00781	cpd:C12421
md:M00781	cpd:C12422
md:M00781	cpd:C12423
md:M00781	cpd:C12424
md:M00782	cpd:C12382
md:M00782	cpd:C12383
md:M00782	cpd:C12384
md:M00782	cpd:C12385
md:M00782	cpd:C12386
md:M00782	cpd:C12387
md:M00782	cpd:C18710
md:M00782	cpd:C12388
md:M00782	cpd:C18711
md:M00782	cpd:C12389
md:M00783	cpd:C12366
md:M00783	cpd:C12367
md:M00783	cpd:C12368
md:M00783	cpd:C12369
md:M00783	cpd:C12378
md:M00783	cpd:C12379
md:M00783	cpd:C12370
md:M00783	cpd:C12371
md:M00783	cpd:C06801
md:M00784	cpd:C12379
md:M00784	cpd:C20974
md:M00784	cpd:C20975
md:M00784	cpd:C20976
md:M00784	cpd:C20977
md:M00784	cpd:C12381
md:M00785	cpd:C00065
md:M00785	cpd:C00979
md:M00785	cpd:C00062
md:M00785	cpd:C05933
md:M00785	cpd:C07044
md:M00785	cpd:C00077
md:M00785	cpd:C20639
md:M00785	cpd:C20651
md:M00785	cpd:C08057
md:M00786	cpd:C00078
md:M00786	cpd:C00148
md:M00786	cpd:C20563
md:M00786	cpd:C20512
md:M00786	cpd:C20513
md:M00786	cpd:C20607
md:M00786	cpd:C20604
md:M00786	cpd:C20605
md:M00786	cpd:C20630
md:M00786	cpd:C20045
md:M00786	cpd:C20564
md:M00787	cpd:C00254
md:M00787	cpd:C20953
md:M00787	cpd:C21085
md:M00787	cpd:C21086
md:M00787	cpd:C21087
md:M00787	cpd:C20940
md:M00787	cpd:C20941
md:M00787	cpd:C20942
md:M00788	cpd:C00353
md:M00788	cpd:C19815
md:M00788	cpd:C19814
md:M00788	cpd:C21093
md:M00789	cpd:C00078
md:M00789	cpd:C19687
md:M00789	cpd:C19688
md:M00789	cpd:C19698
md:M00789	cpd:C19699
md:M00789	cpd:C19700
md:M00789	cpd:C19701
md:M00790	cpd:C00078
md:M00790	cpd:C19687
md:M00790	cpd:C21110
md:M00790	cpd:C21109
md:M00790	cpd:C12491
md:M00793	cpd:C00103
md:M00793	cpd:C00842
md:M00793	cpd:C11907
md:M00793	cpd:C00688
md:M00793	cpd:C03319
md:M00794	cpd:C11907
md:M00794	cpd:C11926
md:M00794	cpd:C11912
md:M00795	cpd:C11907
md:M00795	cpd:C11926
md:M00795	cpd:C11460
md:M00795	cpd:C12481
md:M00796	cpd:C11907
md:M00796	cpd:C11908
md:M00796	cpd:C11925
md:M00796	cpd:C11933
md:M00797	cpd:C11907
md:M00797	cpd:C04268
md:M00797	cpd:C11909
md:M00797	cpd:C11910
md:M00797	cpd:C11911
md:M00798	cpd:C11907
md:M00798	cpd:C06620
md:M00798	cpd:C11928
md:M00798	cpd:C18035
md:M00798	cpd:C11915
md:M00798	cpd:C11916
md:M00799	cpd:C11907
md:M00799	cpd:C06620
md:M00799	cpd:C11928
md:M00799	cpd:C11927
md:M00799	cpd:C21071
md:M00799	cpd:C11921
md:M00800	cpd:C11907
md:M00800	cpd:C06620
md:M00800	cpd:C12318
md:M00800	cpd:C21073
md:M00800	cpd:C21074
md:M00800	cpd:C11919
md:M00801	cpd:C11907
md:M00801	cpd:C06620
md:M00801	cpd:C11922
md:M00801	cpd:C11927
md:M00801	cpd:C11920
md:M00802	cpd:C11907
md:M00802	cpd:C06620
md:M00802	cpd:C11922
md:M00802	cpd:C18032
md:M00802	cpd:C18033
md:M00802	cpd:C18034
md:M00803	cpd:C11907
md:M00803	cpd:C06620
md:M00803	cpd:C18029
md:M00803	cpd:C18030
md:M00803	cpd:C18031
md:M00804	cpd:C00014
md:M00804	cpd:C00192
md:M00804	cpd:C00088
md:M00804	cpd:C00244
md:M00805	cpd:C00078
md:M00805	cpd:C21124
md:M00805	cpd:C21125
md:M00805	cpd:C21126
md:M00805	cpd:C21127
md:M00805	cpd:C21128
md:M00805	cpd:C07349
md:M00805	cpd:C02079
md:M00808	cpd:C00078
md:M00808	cpd:C21124
md:M00808	cpd:C21131
md:M00808	cpd:C21134
md:M00808	cpd:C21135
md:M00808	cpd:C21136
md:M00810	cpd:C16150
md:M00810	cpd:C01056
md:M00810	cpd:C21075
md:M00810	cpd:C03043
md:M00810	cpd:C01297
md:M00810	cpd:C15986
md:M00810	cpd:C03056
md:M00810	cpd:C15987
md:M00810	cpd:C00232
md:M00811	cpd:C16150
md:M00811	cpd:C21154
md:M00811	cpd:C20361
md:M00811	cpd:C19569
md:M00811	cpd:C19567
md:M00811	cpd:C19631
md:M00811	cpd:C01059
md:M00811	cpd:C00232
md:M00814	cpd:C20956
md:M00814	cpd:C17691
md:M00814	cpd:C17692
md:M00814	cpd:C17693
md:M00814	cpd:C21204
md:M00814	cpd:C21205
md:M00814	cpd:C21206
md:M00814	cpd:C21207
md:M00814	cpd:C04268
md:M00814	cpd:C21208
md:M00814	cpd:C21156
md:M00814	cpd:C06802
md:M00815	cpd:C20956
md:M00815	cpd:C17691
md:M00815	cpd:C17694
md:M00815	cpd:C17696
md:M00815	cpd:C17697
md:M00815	cpd:C21218
md:M00815	cpd:C21216
md:M00815	cpd:C21210
md:M00815	cpd:C21219
md:M00815	cpd:C17700
md:M00815	cpd:C12112
md:M00819	cpd:C00448
md:M00819	cpd:C01841
md:M00819	cpd:C19939
md:M00819	cpd:C20404
md:M00819	cpd:C20403
md:M00819	cpd:C20400
md:M00819	cpd:C20399
md:M00819	cpd:C20397
md:M00819	cpd:C20407
md:M00823	cpd:C18295
md:M00823	cpd:C06629
md:M00823	cpd:C06628
md:M00823	cpd:C06627
md:M00823	cpd:C06654
md:M00823	cpd:C02811
md:M00823	cpd:C03206
md:M00823	cpd:C06570
md:M00823	cpd:C06571
md:M00824	cpd:C00083
md:M00824	cpd:C21357
md:M00825	cpd:C00083
md:M00825	cpd:C21357
md:M00826	cpd:C00251
md:M00826	cpd:C18054
md:M00826	cpd:C19686
md:M00826	cpd:C21306
md:M00826	cpd:C21307
md:M00826	cpd:C11468
md:M00826	cpd:C11448
md:M00827	cpd:C00082
md:M00827	cpd:C21308
md:M00827	cpd:C21309
md:M00827	cpd:C20810
md:M00827	cpd:C11449
md:M00828	cpd:C00082
md:M00828	cpd:C21308
md:M00828	cpd:C21309
md:M00828	cpd:C21311
md:M00829	cpd:C00083
md:M00829	cpd:C02657
md:M00829	cpd:C21312
md:M00829	cpd:C21313
md:M00830	cpd:C00083
md:M00830	cpd:C20856
md:M00830	cpd:C20857
md:M00830	cpd:C20841
md:M00830	cpd:C20842
md:M00831	cpd:C21320
md:M00831	cpd:C21321
md:M00831	cpd:C21322
md:M00831	cpd:C21323
md:M00831	cpd:C21324
md:M00832	cpd:C21325
md:M00832	cpd:C21326
md:M00832	cpd:C21327
md:M00832	cpd:C21328
md:M00833	cpd:C00083
md:M00833	cpd:C21343
md:M00833	cpd:C21344
md:M00833	cpd:C21345
md:M00833	cpd:C21346
md:M00833	cpd:C21347
md:M00833	cpd:C21337
md:M00833	cpd:C21338
md:M00833	cpd:C21339
md:M00833	cpd:C21340
md:M00833	cpd:C21341
md:M00833	cpd:C11469
md:M00833	cpd:C21342
md:M00834	cpd:C00083
md:M00834	cpd:C21343
md:M00834	cpd:C21344
md:M00834	cpd:C21345
md:M00834	cpd:C21346
md:M00834	cpd:C21347
md:M00835	cpd:C00251
md:M00835	cpd:C18054
md:M00835	cpd:C19830
md:M00835	cpd:C19831
md:M00835	cpd:C21473
md:M00835	cpd:C21408
md:M00835	cpd:C21411
md:M00835	cpd:C21412
md:M00835	cpd:C20981
md:M00835	cpd:C21422
md:M00835	cpd:C21295
md:M00835	cpd:C01748
md:M00836	cpd:C05778
md:M00836	cpd:C21510
md:M00836	cpd:C21511
md:M00836	cpd:C21512
md:M00836	cpd:C05777
md:M00837	cpd:C00148
md:M00837	cpd:C12470
md:M00837	cpd:C12483
md:M00837	cpd:C21567
md:M00837	cpd:C21568
md:M00837	cpd:C21569
md:M00837	cpd:C21570
md:M00837	cpd:C21138
md:M00837	cpd:C21139
md:M00837	cpd:C21571
md:M00837	cpd:C21572
md:M00837	cpd:C21565
md:M00838	cpd:C00148
md:M00838	cpd:C12470
md:M00838	cpd:C12483
md:M00838	cpd:C21567
md:M00838	cpd:C21568
md:M00838	cpd:C21569
md:M00838	cpd:C21570
md:M00838	cpd:C05223
md:M00838	cpd:C02679
md:M00838	cpd:C21573
md:M00838	cpd:C21574
md:M00838	cpd:C12023
